sequence_name	accession	length	prot_count	title	status	taxid	organism
SCAF_1	JALIRH010000001.1	121926015	0	"Callipepla californica brunnescens voucher MVZ:Bird:193975 SCAF_1, whole genome shotgun sequence"	Live	2893758	Callipepla californica brunnescens
SCAF_2	JALIRH010000002.1	80829437	0	"Callipepla californica brunnescens voucher MVZ:Bird:193975 SCAF_2, whole genome shotgun sequence"	Live	2893758	Callipepla californica brunnescens
SCAF_3	JALIRH010000003.1	68643687	0	"Callipepla californica brunnescens voucher MVZ:Bird:193975 SCAF_3, whole genome shotgun sequence"	Live	2893758	Callipepla californica brunnescens
SCAF_4	JALIRH010000004.1	53416606	0	"Callipepla californica brunnescens voucher MVZ:Bird:193975 SCAF_4, whole genome shotgun sequence"	Live	2893758	Callipepla californica brunnescens
SCAF_5	JALIRH010000005.1	43834372	0	"Callipepla californica brunnescens voucher MVZ:Bird:193975 SCAF_5, whole genome shotgun sequence"	Live	2893758	Callipepla californica brunnescens
SCAF_6	JALIRH010000006.1	42153796	0	"Callipepla californica brunnescens voucher MVZ:Bird:193975 SCAF_6, whole genome shotgun sequence"	Live	2893758	Callipepla californica brunnescens
SCAF_7	JALIRH010000007.1	30073597	0	"Callipepla californica brunnescens voucher MVZ:Bird:193975 SCAF_7, whole genome shotgun sequence"	Live	2893758	Callipepla californica brunnescens
SCAF_8	JALIRH010000008.1	22756518	0	"Callipepla californica brunnescens voucher MVZ:Bird:193975 SCAF_8, whole genome shotgun sequence"	Live	2893758	Callipepla californica brunnescens
SCAF_9	JALIRH010000009.1	22450941	0	"Callipepla californica brunnescens voucher MVZ:Bird:193975 SCAF_9, whole genome shotgun sequence"	Live	2893758	Callipepla californica brunnescens
SCAF_10	JALIRH010000010.1	20566091	0	"Callipepla californica brunnescens voucher MVZ:Bird:193975 SCAF_10, whole genome shotgun sequence"	Live	2893758	Callipepla californica brunnescens
SCAF_11	JALIRH010000011.1	19876581	0	"Callipepla californica brunnescens voucher MVZ:Bird:193975 SCAF_11, whole genome shotgun sequence"	Live	2893758	Callipepla californica brunnescens
SCAF_12	JALIRH010000012.1	19408658	0	"Callipepla californica brunnescens voucher MVZ:Bird:193975 SCAF_12, whole genome shotgun sequence"	Live	2893758	Callipepla californica brunnescens
SCAF_13	JALIRH010000013.1	18906995	0	"Callipepla californica brunnescens voucher MVZ:Bird:193975 SCAF_13, whole genome shotgun sequence"	Live	2893758	Callipepla californica brunnescens
SCAF_14	JALIRH010000014.1	18310531	0	"Callipepla californica brunnescens voucher MVZ:Bird:193975 SCAF_14, whole genome shotgun sequence"	Live	2893758	Callipepla californica brunnescens
SCAF_15	JALIRH010000015.1	15888862	0	"Callipepla californica brunnescens voucher MVZ:Bird:193975 SCAF_15, whole genome shotgun sequence"	Live	2893758	Callipepla californica brunnescens
SCAF_16	JALIRH010000016.1	15455407	0	"Callipepla californica brunnescens voucher MVZ:Bird:193975 SCAF_16, whole genome shotgun sequence"	Live	2893758	Callipepla californica brunnescens
SCAF_17	JALIRH010000017.1	14490932	0	"Callipepla californica brunnescens voucher MVZ:Bird:193975 SCAF_17, whole genome shotgun sequence"	Live	2893758	Callipepla californica brunnescens
SCAF_18	JALIRH010000018.1	14030056	0	"Callipepla californica brunnescens voucher MVZ:Bird:193975 SCAF_18, whole genome shotgun sequence"	Live	2893758	Callipepla californica brunnescens
SCAF_19	JALIRH010000019.1	13691472	0	"Callipepla californica brunnescens voucher MVZ:Bird:193975 SCAF_19, whole genome shotgun sequence"	Live	2893758	Callipepla californica brunnescens
SCAF_20	JALIRH010000020.1	13641242	0	"Callipepla californica brunnescens voucher MVZ:Bird:193975 SCAF_20, whole genome shotgun sequence"	Live	2893758	Callipepla californica brunnescens
SCAF_21	JALIRH010000021.1	12744333	0	"Callipepla californica brunnescens voucher MVZ:Bird:193975 SCAF_21, whole genome shotgun sequence"	Live	2893758	Callipepla californica brunnescens
SCAF_22	JALIRH010000022.1	12664268	0	"Callipepla californica brunnescens voucher MVZ:Bird:193975 SCAF_22, whole genome shotgun sequence"	Live	2893758	Callipepla californica brunnescens
SCAF_23	JALIRH010000023.1	12235920	0	"Callipepla californica brunnescens voucher MVZ:Bird:193975 SCAF_23, whole genome shotgun sequence"	Live	2893758	Callipepla californica brunnescens
SCAF_24	JALIRH010000024.1	11909977	0	"Callipepla californica brunnescens voucher MVZ:Bird:193975 SCAF_24, whole genome shotgun sequence"	Live	2893758	Callipepla californica brunnescens
SCAF_25	JALIRH010000025.1	11763282	0	"Callipepla californica brunnescens voucher MVZ:Bird:193975 SCAF_25, whole genome shotgun sequence"	Live	2893758	Callipepla californica brunnescens
SCAF_26	JALIRH010000026.1	11083105	0	"Callipepla californica brunnescens voucher MVZ:Bird:193975 SCAF_26, whole genome shotgun sequence"	Live	2893758	Callipepla californica brunnescens
SCAF_27	JALIRH010000027.1	10594039	0	"Callipepla californica brunnescens voucher MVZ:Bird:193975 SCAF_27, whole genome shotgun sequence"	Live	2893758	Callipepla californica brunnescens
SCAF_28	JALIRH010000028.1	10313052	0	"Callipepla californica brunnescens voucher MVZ:Bird:193975 SCAF_28, whole genome shotgun sequence"	Live	2893758	Callipepla californica brunnescens
SCAF_29	JALIRH010000029.1	10126570	0	"Callipepla californica brunnescens voucher MVZ:Bird:193975 SCAF_29, whole genome shotgun sequence"	Live	2893758	Callipepla californica brunnescens
SCAF_30	JALIRH010000030.1	9342254	0	"Callipepla californica brunnescens voucher MVZ:Bird:193975 SCAF_30, whole genome shotgun sequence"	Live	2893758	Callipepla californica brunnescens
SCAF_31	JALIRH010000031.1	8631657	0	"Callipepla californica brunnescens voucher MVZ:Bird:193975 SCAF_31, whole genome shotgun sequence"	Live	2893758	Callipepla californica brunnescens
SCAF_32	JALIRH010000032.1	6589112	0	"Callipepla californica brunnescens voucher MVZ:Bird:193975 SCAF_32, whole genome shotgun sequence"	Live	2893758	Callipepla californica brunnescens
SCAF_33	JALIRH010000033.1	6552069	0	"Callipepla californica brunnescens voucher MVZ:Bird:193975 SCAF_33, whole genome shotgun sequence"	Live	2893758	Callipepla californica brunnescens
SCAF_34	JALIRH010000034.1	6413858	0	"Callipepla californica brunnescens voucher MVZ:Bird:193975 SCAF_34, whole genome shotgun sequence"	Live	2893758	Callipepla californica brunnescens
SCAF_35	JALIRH010000035.1	6246747	0	"Callipepla californica brunnescens voucher MVZ:Bird:193975 SCAF_35, whole genome shotgun sequence"	Live	2893758	Callipepla californica brunnescens
SCAF_36	JALIRH010000036.1	6170350	0	"Callipepla californica brunnescens voucher MVZ:Bird:193975 SCAF_36, whole genome shotgun sequence"	Live	2893758	Callipepla californica brunnescens
SCAF_37	JALIRH010000037.1	5953211	0	"Callipepla californica brunnescens voucher MVZ:Bird:193975 SCAF_37, whole genome shotgun sequence"	Live	2893758	Callipepla californica brunnescens
SCAF_38	JALIRH010000038.1	5893186	0	"Callipepla californica brunnescens voucher MVZ:Bird:193975 SCAF_38, whole genome shotgun sequence"	Live	2893758	Callipepla californica brunnescens
SCAF_39	JALIRH010000039.1	5486612	0	"Callipepla californica brunnescens voucher MVZ:Bird:193975 SCAF_39, whole genome shotgun sequence"	Live	2893758	Callipepla californica brunnescens
SCAF_40	JALIRH010000040.1	5478314	0	"Callipepla californica brunnescens voucher MVZ:Bird:193975 SCAF_40, whole genome shotgun sequence"	Live	2893758	Callipepla californica brunnescens
SCAF_41	JALIRH010000041.1	5207542	0	"Callipepla californica brunnescens voucher MVZ:Bird:193975 SCAF_41, whole genome shotgun sequence"	Live	2893758	Callipepla californica brunnescens
SCAF_42	JALIRH010000042.1	4869296	0	"Callipepla californica brunnescens voucher MVZ:Bird:193975 SCAF_42, whole genome shotgun sequence"	Live	2893758	Callipepla californica brunnescens
SCAF_43	JALIRH010000043.1	4864553	0	"Callipepla californica brunnescens voucher MVZ:Bird:193975 SCAF_43, whole genome shotgun sequence"	Live	2893758	Callipepla californica brunnescens
SCAF_44	JALIRH010000044.1	4848042	0	"Callipepla californica brunnescens voucher MVZ:Bird:193975 SCAF_44, whole genome shotgun sequence"	Live	2893758	Callipepla californica brunnescens
SCAF_45	JALIRH010000045.1	4406244	0	"Callipepla californica brunnescens voucher MVZ:Bird:193975 SCAF_45, whole genome shotgun sequence"	Live	2893758	Callipepla californica brunnescens
SCAF_46	JALIRH010000046.1	4372448	0	"Callipepla californica brunnescens voucher MVZ:Bird:193975 SCAF_46, whole genome shotgun sequence"	Live	2893758	Callipepla californica brunnescens
SCAF_47	JALIRH010000047.1	4200305	0	"Callipepla californica brunnescens voucher MVZ:Bird:193975 SCAF_47, whole genome shotgun sequence"	Live	2893758	Callipepla californica brunnescens
SCAF_48	JALIRH010000048.1	4089568	0	"Callipepla californica brunnescens voucher MVZ:Bird:193975 SCAF_48, whole genome shotgun sequence"	Live	2893758	Callipepla californica brunnescens
SCAF_49	JALIRH010000049.1	4001558	0	"Callipepla californica brunnescens voucher MVZ:Bird:193975 SCAF_49, whole genome shotgun sequence"	Live	2893758	Callipepla californica brunnescens
SCAF_50	JALIRH010000050.1	3968916	0	"Callipepla californica brunnescens voucher MVZ:Bird:193975 SCAF_50, whole genome shotgun sequence"	Live	2893758	Callipepla californica brunnescens
SCAF_51	JALIRH010000051.1	3874674	0	"Callipepla californica brunnescens voucher MVZ:Bird:193975 SCAF_51, whole genome shotgun sequence"	Live	2893758	Callipepla californica brunnescens
SCAF_52	JALIRH010000052.1	3854003	0	"Callipepla californica brunnescens voucher MVZ:Bird:193975 SCAF_52, whole genome shotgun sequence"	Live	2893758	Callipepla californica brunnescens
SCAF_53	JALIRH010000053.1	3618797	0	"Callipepla californica brunnescens voucher MVZ:Bird:193975 SCAF_53, whole genome shotgun sequence"	Live	2893758	Callipepla californica brunnescens
SCAF_54	JALIRH010000054.1	3601799	0	"Callipepla californica brunnescens voucher MVZ:Bird:193975 SCAF_54, whole genome shotgun sequence"	Live	2893758	Callipepla californica brunnescens
SCAF_55	JALIRH010000055.1	3477356	0	"Callipepla californica brunnescens voucher MVZ:Bird:193975 SCAF_55, whole genome shotgun sequence"	Live	2893758	Callipepla californica brunnescens
SCAF_56	JALIRH010000056.1	3430521	0	"Callipepla californica brunnescens voucher MVZ:Bird:193975 SCAF_56, whole genome shotgun sequence"	Live	2893758	Callipepla californica brunnescens
SCAF_57	JALIRH010000057.1	3317826	0	"Callipepla californica brunnescens voucher MVZ:Bird:193975 SCAF_57, whole genome shotgun sequence"	Live	2893758	Callipepla californica brunnescens
SCAF_58	JALIRH010000058.1	3254601	0	"Callipepla californica brunnescens voucher MVZ:Bird:193975 SCAF_58, whole genome shotgun sequence"	Live	2893758	Callipepla californica brunnescens
SCAF_59	JALIRH010000059.1	3225810	0	"Callipepla californica brunnescens voucher MVZ:Bird:193975 SCAF_59, whole genome shotgun sequence"	Live	2893758	Callipepla californica brunnescens
SCAF_60	JALIRH010000060.1	3225353	0	"Callipepla californica brunnescens voucher MVZ:Bird:193975 SCAF_60, whole genome shotgun sequence"	Live	2893758	Callipepla californica brunnescens
SCAF_61	JALIRH010000061.1	3025772	0	"Callipepla californica brunnescens voucher MVZ:Bird:193975 SCAF_61, whole genome shotgun sequence"	Live	2893758	Callipepla californica brunnescens
SCAF_62	JALIRH010000062.1	3023376	0	"Callipepla californica brunnescens voucher MVZ:Bird:193975 SCAF_62, whole genome shotgun sequence"	Live	2893758	Callipepla californica brunnescens
SCAF_63	JALIRH010000063.1	3006878	0	"Callipepla californica brunnescens voucher MVZ:Bird:193975 SCAF_63, whole genome shotgun sequence"	Live	2893758	Callipepla californica brunnescens
SCAF_64	JALIRH010000064.1	3006518	0	"Callipepla californica brunnescens voucher MVZ:Bird:193975 SCAF_64, whole genome shotgun sequence"	Live	2893758	Callipepla californica brunnescens
SCAF_65	JALIRH010000065.1	2968981	0	"Callipepla californica brunnescens voucher MVZ:Bird:193975 SCAF_65, whole genome shotgun sequence"	Live	2893758	Callipepla californica brunnescens
SCAF_66	JALIRH010000066.1	2676437	0	"Callipepla californica brunnescens voucher MVZ:Bird:193975 SCAF_66, whole genome shotgun sequence"	Live	2893758	Callipepla californica brunnescens
SCAF_67	JALIRH010000067.1	2566882	0	"Callipepla californica brunnescens voucher MVZ:Bird:193975 SCAF_67, whole genome shotgun sequence"	Live	2893758	Callipepla californica brunnescens
SCAF_68	JALIRH010000068.1	2524086	0	"Callipepla californica brunnescens voucher MVZ:Bird:193975 SCAF_68, whole genome shotgun sequence"	Live	2893758	Callipepla californica brunnescens
SCAF_69	JALIRH010000069.1	2517896	0	"Callipepla californica brunnescens voucher MVZ:Bird:193975 SCAF_69, whole genome shotgun sequence"	Live	2893758	Callipepla californica brunnescens
SCAF_70	JALIRH010000070.1	2491622	0	"Callipepla californica brunnescens voucher MVZ:Bird:193975 SCAF_70, whole genome shotgun sequence"	Live	2893758	Callipepla californica brunnescens
SCAF_71	JALIRH010000071.1	2472232	0	"Callipepla californica brunnescens voucher MVZ:Bird:193975 SCAF_71, whole genome shotgun sequence"	Live	2893758	Callipepla californica brunnescens
SCAF_72	JALIRH010000072.1	2470316	0	"Callipepla californica brunnescens voucher MVZ:Bird:193975 SCAF_72, whole genome shotgun sequence"	Live	2893758	Callipepla californica brunnescens
SCAF_73	JALIRH010000073.1	2445880	0	"Callipepla californica brunnescens voucher MVZ:Bird:193975 SCAF_73, whole genome shotgun sequence"	Live	2893758	Callipepla californica brunnescens
SCAF_74	JALIRH010000074.1	2266200	0	"Callipepla californica brunnescens voucher MVZ:Bird:193975 SCAF_74, whole genome shotgun sequence"	Live	2893758	Callipepla californica brunnescens
SCAF_75	JALIRH010000075.1	2237334	0	"Callipepla californica brunnescens voucher MVZ:Bird:193975 SCAF_75, whole genome shotgun sequence"	Live	2893758	Callipepla californica brunnescens
SCAF_76	JALIRH010000076.1	2126800	0	"Callipepla californica brunnescens voucher MVZ:Bird:193975 SCAF_76, whole genome shotgun sequence"	Live	2893758	Callipepla californica brunnescens
SCAF_77	JALIRH010000077.1	2121156	0	"Callipepla californica brunnescens voucher MVZ:Bird:193975 SCAF_77, whole genome shotgun sequence"	Live	2893758	Callipepla californica brunnescens
SCAF_78	JALIRH010000078.1	2046405	0	"Callipepla californica brunnescens voucher MVZ:Bird:193975 SCAF_78, whole genome shotgun sequence"	Live	2893758	Callipepla californica brunnescens
SCAF_79	JALIRH010000079.1	2033782	0	"Callipepla californica brunnescens voucher MVZ:Bird:193975 SCAF_79, whole genome shotgun sequence"	Live	2893758	Callipepla californica brunnescens
SCAF_80	JALIRH010000080.1	1941001	0	"Callipepla californica brunnescens voucher MVZ:Bird:193975 SCAF_80, whole genome shotgun sequence"	Live	2893758	Callipepla californica brunnescens
SCAF_81	JALIRH010000081.1	1806888	0	"Callipepla californica brunnescens voucher MVZ:Bird:193975 SCAF_81, whole genome shotgun sequence"	Live	2893758	Callipepla californica brunnescens
SCAF_82	JALIRH010000082.1	1806726	0	"Callipepla californica brunnescens voucher MVZ:Bird:193975 SCAF_82, whole genome shotgun sequence"	Live	2893758	Callipepla californica brunnescens
SCAF_83	JALIRH010000083.1	1777743	0	"Callipepla californica brunnescens voucher MVZ:Bird:193975 SCAF_83, whole genome shotgun sequence"	Live	2893758	Callipepla californica brunnescens
SCAF_84	JALIRH010000084.1	1776689	0	"Callipepla californica brunnescens voucher MVZ:Bird:193975 SCAF_84, whole genome shotgun sequence"	Live	2893758	Callipepla californica brunnescens
SCAF_85	JALIRH010000085.1	1759455	0	"Callipepla californica brunnescens voucher MVZ:Bird:193975 SCAF_85, whole genome shotgun sequence"	Live	2893758	Callipepla californica brunnescens
SCAF_86	JALIRH010000086.1	1716458	0	"Callipepla californica brunnescens voucher MVZ:Bird:193975 SCAF_86, whole genome shotgun sequence"	Live	2893758	Callipepla californica brunnescens
SCAF_87	JALIRH010000087.1	1656896	0	"Callipepla californica brunnescens voucher MVZ:Bird:193975 SCAF_87, whole genome shotgun sequence"	Live	2893758	Callipepla californica brunnescens
SCAF_88	JALIRH010000088.1	1648492	0	"Callipepla californica brunnescens voucher MVZ:Bird:193975 SCAF_88, whole genome shotgun sequence"	Live	2893758	Callipepla californica brunnescens
SCAF_89	JALIRH010000089.1	1645390	0	"Callipepla californica brunnescens voucher MVZ:Bird:193975 SCAF_89, whole genome shotgun sequence"	Live	2893758	Callipepla californica brunnescens
SCAF_90	JALIRH010000090.1	1580646	0	"Callipepla californica brunnescens voucher MVZ:Bird:193975 SCAF_90, whole genome shotgun sequence"	Live	2893758	Callipepla californica brunnescens
SCAF_91	JALIRH010000091.1	1538330	0	"Callipepla californica brunnescens voucher MVZ:Bird:193975 SCAF_91, whole genome shotgun sequence"	Live	2893758	Callipepla californica brunnescens
SCAF_92	JALIRH010000092.1	1530834	0	"Callipepla californica brunnescens voucher MVZ:Bird:193975 SCAF_92, whole genome shotgun sequence"	Live	2893758	Callipepla californica brunnescens
SCAF_93	JALIRH010000093.1	1519857	0	"Callipepla californica brunnescens voucher MVZ:Bird:193975 SCAF_93, whole genome shotgun sequence"	Live	2893758	Callipepla californica brunnescens
SCAF_94	JALIRH010000094.1	1494959	0	"Callipepla californica brunnescens voucher MVZ:Bird:193975 SCAF_94, whole genome shotgun sequence"	Live	2893758	Callipepla californica brunnescens
SCAF_95	JALIRH010000095.1	1493901	0	"Callipepla californica brunnescens voucher MVZ:Bird:193975 SCAF_95, whole genome shotgun sequence"	Live	2893758	Callipepla californica brunnescens
SCAF_96	JALIRH010000096.1	1470651	0	"Callipepla californica brunnescens voucher MVZ:Bird:193975 SCAF_96, whole genome shotgun sequence"	Live	2893758	Callipepla californica brunnescens
SCAF_97	JALIRH010000097.1	1465439	0	"Callipepla californica brunnescens voucher MVZ:Bird:193975 SCAF_97, whole genome shotgun sequence"	Live	2893758	Callipepla californica brunnescens
SCAF_98	JALIRH010000098.1	1457634	0	"Callipepla californica brunnescens voucher MVZ:Bird:193975 SCAF_98, whole genome shotgun sequence"	Live	2893758	Callipepla californica brunnescens
SCAF_99	JALIRH010000099.1	1417960	0	"Callipepla californica brunnescens voucher MVZ:Bird:193975 SCAF_99, whole genome shotgun sequence"	Live	2893758	Callipepla californica brunnescens
SCAF_100	JALIRH010000100.1	1404317	0	"Callipepla californica brunnescens voucher MVZ:Bird:193975 SCAF_100, whole genome shotgun sequence"	Live	2893758	Callipepla californica brunnescens
SCAF_101	JALIRH010000101.1	1397041	0	"Callipepla californica brunnescens voucher MVZ:Bird:193975 SCAF_101, whole genome shotgun sequence"	Live	2893758	Callipepla californica brunnescens
SCAF_102	JALIRH010000102.1	1393513	0	"Callipepla californica brunnescens voucher MVZ:Bird:193975 SCAF_102, whole genome shotgun sequence"	Live	2893758	Callipepla californica brunnescens
SCAF_103	JALIRH010000103.1	1335214	0	"Callipepla californica brunnescens voucher MVZ:Bird:193975 SCAF_103, whole genome shotgun sequence"	Live	2893758	Callipepla californica brunnescens
SCAF_104	JALIRH010000104.1	1309764	0	"Callipepla californica brunnescens voucher MVZ:Bird:193975 SCAF_104, whole genome shotgun sequence"	Live	2893758	Callipepla californica brunnescens
SCAF_105	JALIRH010000105.1	1208791	0	"Callipepla californica brunnescens voucher MVZ:Bird:193975 SCAF_105, whole genome shotgun sequence"	Live	2893758	Callipepla californica brunnescens
SCAF_106	JALIRH010000106.1	1186712	0	"Callipepla californica brunnescens voucher MVZ:Bird:193975 SCAF_106, whole genome shotgun sequence"	Live	2893758	Callipepla californica brunnescens
SCAF_107	JALIRH010000107.1	1130225	0	"Callipepla californica brunnescens voucher MVZ:Bird:193975 SCAF_107, whole genome shotgun sequence"	Live	2893758	Callipepla californica brunnescens
SCAF_108	JALIRH010000108.1	1122020	0	"Callipepla californica brunnescens voucher MVZ:Bird:193975 SCAF_108, whole genome shotgun sequence"	Live	2893758	Callipepla californica brunnescens
SCAF_109	JALIRH010000109.1	1120247	0	"Callipepla californica brunnescens voucher MVZ:Bird:193975 SCAF_109, whole genome shotgun sequence"	Live	2893758	Callipepla californica brunnescens
SCAF_110	JALIRH010000110.1	1119225	0	"Callipepla californica brunnescens voucher MVZ:Bird:193975 SCAF_110, whole genome shotgun sequence"	Live	2893758	Callipepla californica brunnescens
SCAF_111	JALIRH010000111.1	1118613	0	"Callipepla californica brunnescens voucher MVZ:Bird:193975 SCAF_111, whole genome shotgun sequence"	Live	2893758	Callipepla californica brunnescens
SCAF_112	JALIRH010000112.1	1107949	0	"Callipepla californica brunnescens voucher MVZ:Bird:193975 SCAF_112, whole genome shotgun sequence"	Live	2893758	Callipepla californica brunnescens
SCAF_113	JALIRH010000113.1	1099624	0	"Callipepla californica brunnescens voucher MVZ:Bird:193975 SCAF_113, whole genome shotgun sequence"	Live	2893758	Callipepla californica brunnescens
SCAF_114	JALIRH010000114.1	1099513	0	"Callipepla californica brunnescens voucher MVZ:Bird:193975 SCAF_114, whole genome shotgun sequence"	Live	2893758	Callipepla californica brunnescens
SCAF_115	JALIRH010000115.1	1045722	0	"Callipepla californica brunnescens voucher MVZ:Bird:193975 SCAF_115, whole genome shotgun sequence"	Live	2893758	Callipepla californica brunnescens
SCAF_116	JALIRH010000116.1	1038886	0	"Callipepla californica brunnescens voucher MVZ:Bird:193975 SCAF_116, whole genome shotgun sequence"	Live	2893758	Callipepla californica brunnescens
SCAF_117	JALIRH010000117.1	1023579	0	"Callipepla californica brunnescens voucher MVZ:Bird:193975 SCAF_117, whole genome shotgun sequence"	Live	2893758	Callipepla californica brunnescens
SCAF_118	JALIRH010000118.1	1022764	0	"Callipepla californica brunnescens voucher MVZ:Bird:193975 SCAF_118, whole genome shotgun sequence"	Live	2893758	Callipepla californica brunnescens
SCAF_119	JALIRH010000119.1	1004856	0	"Callipepla californica brunnescens voucher MVZ:Bird:193975 SCAF_119, whole genome shotgun sequence"	Live	2893758	Callipepla californica brunnescens
SCAF_120	JALIRH010000120.1	968573	0	"Callipepla californica brunnescens voucher MVZ:Bird:193975 SCAF_120, whole genome shotgun sequence"	Live	2893758	Callipepla californica brunnescens
SCAF_121	JALIRH010000121.1	946835	0	"Callipepla californica brunnescens voucher MVZ:Bird:193975 SCAF_121, whole genome shotgun sequence"	Live	2893758	Callipepla californica brunnescens
SCAF_122	JALIRH010000122.1	933884	0	"Callipepla californica brunnescens voucher MVZ:Bird:193975 SCAF_122, whole genome shotgun sequence"	Live	2893758	Callipepla californica brunnescens
SCAF_123	JALIRH010000123.1	883393	0	"Callipepla californica brunnescens voucher MVZ:Bird:193975 SCAF_123, whole genome shotgun sequence"	Live	2893758	Callipepla californica brunnescens
SCAF_124	JALIRH010000124.1	876471	0	"Callipepla californica brunnescens voucher MVZ:Bird:193975 SCAF_124, whole genome shotgun sequence"	Live	2893758	Callipepla californica brunnescens
SCAF_125	JALIRH010000125.1	871241	0	"Callipepla californica brunnescens voucher MVZ:Bird:193975 SCAF_125, whole genome shotgun sequence"	Live	2893758	Callipepla californica brunnescens
SCAF_126	JALIRH010000126.1	860768	0	"Callipepla californica brunnescens voucher MVZ:Bird:193975 SCAF_126, whole genome shotgun sequence"	Live	2893758	Callipepla californica brunnescens
SCAF_127	JALIRH010000127.1	830607	0	"Callipepla californica brunnescens voucher MVZ:Bird:193975 SCAF_127, whole genome shotgun sequence"	Live	2893758	Callipepla californica brunnescens
SCAF_128	JALIRH010000128.1	825114	0	"Callipepla californica brunnescens voucher MVZ:Bird:193975 SCAF_128, whole genome shotgun sequence"	Live	2893758	Callipepla californica brunnescens
SCAF_129	JALIRH010000129.1	823864	0	"Callipepla californica brunnescens voucher MVZ:Bird:193975 SCAF_129, whole genome shotgun sequence"	Live	2893758	Callipepla californica brunnescens
SCAF_130	JALIRH010000130.1	806908	0	"Callipepla californica brunnescens voucher MVZ:Bird:193975 SCAF_130, whole genome shotgun sequence"	Live	2893758	Callipepla californica brunnescens
SCAF_131	JALIRH010000131.1	798335	0	"Callipepla californica brunnescens voucher MVZ:Bird:193975 SCAF_131, whole genome shotgun sequence"	Live	2893758	Callipepla californica brunnescens
SCAF_132	JALIRH010000132.1	791204	0	"Callipepla californica brunnescens voucher MVZ:Bird:193975 SCAF_132, whole genome shotgun sequence"	Live	2893758	Callipepla californica brunnescens
SCAF_133	JALIRH010000133.1	790993	0	"Callipepla californica brunnescens voucher MVZ:Bird:193975 SCAF_133, whole genome shotgun sequence"	Live	2893758	Callipepla californica brunnescens
SCAF_134	JALIRH010000134.1	785418	0	"Callipepla californica brunnescens voucher MVZ:Bird:193975 SCAF_134, whole genome shotgun sequence"	Live	2893758	Callipepla californica brunnescens
SCAF_135	JALIRH010000135.1	773695	0	"Callipepla californica brunnescens voucher MVZ:Bird:193975 SCAF_135, whole genome shotgun sequence"	Live	2893758	Callipepla californica brunnescens
SCAF_136	JALIRH010000136.1	770888	0	"Callipepla californica brunnescens voucher MVZ:Bird:193975 SCAF_136, whole genome shotgun sequence"	Live	2893758	Callipepla californica brunnescens
SCAF_137	JALIRH010000137.1	760776	0	"Callipepla californica brunnescens voucher MVZ:Bird:193975 SCAF_137, whole genome shotgun sequence"	Live	2893758	Callipepla californica brunnescens
SCAF_138	JALIRH010000138.1	760514	0	"Callipepla californica brunnescens voucher MVZ:Bird:193975 SCAF_138, whole genome shotgun sequence"	Live	2893758	Callipepla californica brunnescens
SCAF_139	JALIRH010000139.1	757199	0	"Callipepla californica brunnescens voucher MVZ:Bird:193975 SCAF_139, whole genome shotgun sequence"	Live	2893758	Callipepla californica brunnescens
SCAF_140	JALIRH010000140.1	755988	0	"Callipepla californica brunnescens voucher MVZ:Bird:193975 SCAF_140, whole genome shotgun sequence"	Live	2893758	Callipepla californica brunnescens
SCAF_141	JALIRH010000141.1	733641	0	"Callipepla californica brunnescens voucher MVZ:Bird:193975 SCAF_141, whole genome shotgun sequence"	Live	2893758	Callipepla californica brunnescens
SCAF_142	JALIRH010000142.1	729454	0	"Callipepla californica brunnescens voucher MVZ:Bird:193975 SCAF_142, whole genome shotgun sequence"	Live	2893758	Callipepla californica brunnescens
SCAF_143	JALIRH010000143.1	716535	0	"Callipepla californica brunnescens voucher MVZ:Bird:193975 SCAF_143, whole genome shotgun sequence"	Live	2893758	Callipepla californica brunnescens
SCAF_144	JALIRH010000144.1	710173	0	"Callipepla californica brunnescens voucher MVZ:Bird:193975 SCAF_144, whole genome shotgun sequence"	Live	2893758	Callipepla californica brunnescens
SCAF_145	JALIRH010000145.1	704203	0	"Callipepla californica brunnescens voucher MVZ:Bird:193975 SCAF_145, whole genome shotgun sequence"	Live	2893758	Callipepla californica brunnescens
SCAF_146	JALIRH010000146.1	699564	0	"Callipepla californica brunnescens voucher MVZ:Bird:193975 SCAF_146, whole genome shotgun sequence"	Live	2893758	Callipepla californica brunnescens
SCAF_147	JALIRH010000147.1	678690	0	"Callipepla californica brunnescens voucher MVZ:Bird:193975 SCAF_147, whole genome shotgun sequence"	Live	2893758	Callipepla californica brunnescens
SCAF_148	JALIRH010000148.1	656015	0	"Callipepla californica brunnescens voucher MVZ:Bird:193975 SCAF_148, whole genome shotgun sequence"	Live	2893758	Callipepla californica brunnescens
SCAF_149	JALIRH010000149.1	652835	0	"Callipepla californica brunnescens voucher MVZ:Bird:193975 SCAF_149, whole genome shotgun sequence"	Live	2893758	Callipepla californica brunnescens
SCAF_150	JALIRH010000150.1	641719	0	"Callipepla californica brunnescens voucher MVZ:Bird:193975 SCAF_150, whole genome shotgun sequence"	Live	2893758	Callipepla californica brunnescens
SCAF_151	JALIRH010000151.1	640016	0	"Callipepla californica brunnescens voucher MVZ:Bird:193975 SCAF_151, whole genome shotgun sequence"	Live	2893758	Callipepla californica brunnescens
SCAF_152	JALIRH010000152.1	631720	0	"Callipepla californica brunnescens voucher MVZ:Bird:193975 SCAF_152, whole genome shotgun sequence"	Live	2893758	Callipepla californica brunnescens
SCAF_153	JALIRH010000153.1	616848	0	"Callipepla californica brunnescens voucher MVZ:Bird:193975 SCAF_153, whole genome shotgun sequence"	Live	2893758	Callipepla californica brunnescens
SCAF_154	JALIRH010000154.1	616747	0	"Callipepla californica brunnescens voucher MVZ:Bird:193975 SCAF_154, whole genome shotgun sequence"	Live	2893758	Callipepla californica brunnescens
SCAF_155	JALIRH010000155.1	611587	0	"Callipepla californica brunnescens voucher MVZ:Bird:193975 SCAF_155, whole genome shotgun sequence"	Live	2893758	Callipepla californica brunnescens
SCAF_156	JALIRH010000156.1	591893	0	"Callipepla californica brunnescens voucher MVZ:Bird:193975 SCAF_156, whole genome shotgun sequence"	Live	2893758	Callipepla californica brunnescens
SCAF_157	JALIRH010000157.1	589905	0	"Callipepla californica brunnescens voucher MVZ:Bird:193975 SCAF_157, whole genome shotgun sequence"	Live	2893758	Callipepla californica brunnescens
SCAF_158	JALIRH010000158.1	587526	0	"Callipepla californica brunnescens voucher MVZ:Bird:193975 SCAF_158, whole genome shotgun sequence"	Live	2893758	Callipepla californica brunnescens
SCAF_159	JALIRH010000159.1	543950	0	"Callipepla californica brunnescens voucher MVZ:Bird:193975 SCAF_159, whole genome shotgun sequence"	Live	2893758	Callipepla californica brunnescens
SCAF_160	JALIRH010000160.1	537225	0	"Callipepla californica brunnescens voucher MVZ:Bird:193975 SCAF_160, whole genome shotgun sequence"	Live	2893758	Callipepla californica brunnescens
SCAF_161	JALIRH010000161.1	536705	0	"Callipepla californica brunnescens voucher MVZ:Bird:193975 SCAF_161, whole genome shotgun sequence"	Live	2893758	Callipepla californica brunnescens
SCAF_162	JALIRH010000162.1	523366	0	"Callipepla californica brunnescens voucher MVZ:Bird:193975 SCAF_162, whole genome shotgun sequence"	Live	2893758	Callipepla californica brunnescens
SCAF_163	JALIRH010000163.1	520171	0	"Callipepla californica brunnescens voucher MVZ:Bird:193975 SCAF_163, whole genome shotgun sequence"	Live	2893758	Callipepla californica brunnescens
SCAF_164	JALIRH010000164.1	500628	0	"Callipepla californica brunnescens voucher MVZ:Bird:193975 SCAF_164, whole genome shotgun sequence"	Live	2893758	Callipepla californica brunnescens
SCAF_165	JALIRH010000165.1	494608	0	"Callipepla californica brunnescens voucher MVZ:Bird:193975 SCAF_165, whole genome shotgun sequence"	Live	2893758	Callipepla californica brunnescens
SCAF_166	JALIRH010000166.1	492107	0	"Callipepla californica brunnescens voucher MVZ:Bird:193975 SCAF_166, whole genome shotgun sequence"	Live	2893758	Callipepla californica brunnescens
SCAF_167	JALIRH010000167.1	487275	0	"Callipepla californica brunnescens voucher MVZ:Bird:193975 SCAF_167, whole genome shotgun sequence"	Live	2893758	Callipepla californica brunnescens
SCAF_168	JALIRH010000168.1	479937	0	"Callipepla californica brunnescens voucher MVZ:Bird:193975 SCAF_168, whole genome shotgun sequence"	Live	2893758	Callipepla californica brunnescens
SCAF_169	JALIRH010000169.1	468927	0	"Callipepla californica brunnescens voucher MVZ:Bird:193975 SCAF_169, whole genome shotgun sequence"	Live	2893758	Callipepla californica brunnescens
SCAF_170	JALIRH010000170.1	459473	0	"Callipepla californica brunnescens voucher MVZ:Bird:193975 SCAF_170, whole genome shotgun sequence"	Live	2893758	Callipepla californica brunnescens
SCAF_171	JALIRH010000171.1	459379	0	"Callipepla californica brunnescens voucher MVZ:Bird:193975 SCAF_171, whole genome shotgun sequence"	Live	2893758	Callipepla californica brunnescens
SCAF_172	JALIRH010000172.1	458647	0	"Callipepla californica brunnescens voucher MVZ:Bird:193975 SCAF_172, whole genome shotgun sequence"	Live	2893758	Callipepla californica brunnescens
SCAF_173	JALIRH010000173.1	454204	0	"Callipepla californica brunnescens voucher MVZ:Bird:193975 SCAF_173, whole genome shotgun sequence"	Live	2893758	Callipepla californica brunnescens
SCAF_174	JALIRH010000174.1	445686	0	"Callipepla californica brunnescens voucher MVZ:Bird:193975 SCAF_174, whole genome shotgun sequence"	Live	2893758	Callipepla californica brunnescens
SCAF_175	JALIRH010000175.1	423479	0	"Callipepla californica brunnescens voucher MVZ:Bird:193975 SCAF_175, whole genome shotgun sequence"	Live	2893758	Callipepla californica brunnescens
SCAF_176	JALIRH010000176.1	419782	0	"Callipepla californica brunnescens voucher MVZ:Bird:193975 SCAF_176, whole genome shotgun sequence"	Live	2893758	Callipepla californica brunnescens
SCAF_177	JALIRH010000177.1	414900	0	"Callipepla californica brunnescens voucher MVZ:Bird:193975 SCAF_177, whole genome shotgun sequence"	Live	2893758	Callipepla californica brunnescens
SCAF_178	JALIRH010000178.1	414279	0	"Callipepla californica brunnescens voucher MVZ:Bird:193975 SCAF_178, whole genome shotgun sequence"	Live	2893758	Callipepla californica brunnescens
SCAF_179	JALIRH010000179.1	412879	0	"Callipepla californica brunnescens voucher MVZ:Bird:193975 SCAF_179, whole genome shotgun sequence"	Live	2893758	Callipepla californica brunnescens
SCAF_180	JALIRH010000180.1	409204	0	"Callipepla californica brunnescens voucher MVZ:Bird:193975 SCAF_180, whole genome shotgun sequence"	Live	2893758	Callipepla californica brunnescens
SCAF_181	JALIRH010000181.1	407136	0	"Callipepla californica brunnescens voucher MVZ:Bird:193975 SCAF_181, whole genome shotgun sequence"	Live	2893758	Callipepla californica brunnescens
SCAF_182	JALIRH010000182.1	404740	0	"Callipepla californica brunnescens voucher MVZ:Bird:193975 SCAF_182, whole genome shotgun sequence"	Live	2893758	Callipepla californica brunnescens
SCAF_183	JALIRH010000183.1	404669	0	"Callipepla californica brunnescens voucher MVZ:Bird:193975 SCAF_183, whole genome shotgun sequence"	Live	2893758	Callipepla californica brunnescens
SCAF_184	JALIRH010000184.1	401478	0	"Callipepla californica brunnescens voucher MVZ:Bird:193975 SCAF_184, whole genome shotgun sequence"	Live	2893758	Callipepla californica brunnescens
SCAF_185	JALIRH010000185.1	377218	0	"Callipepla californica brunnescens voucher MVZ:Bird:193975 SCAF_185, whole genome shotgun sequence"	Live	2893758	Callipepla californica brunnescens
SCAF_186	JALIRH010000186.1	368250	0	"Callipepla californica brunnescens voucher MVZ:Bird:193975 SCAF_186, whole genome shotgun sequence"	Live	2893758	Callipepla californica brunnescens
SCAF_187	JALIRH010000187.1	364133	0	"Callipepla californica brunnescens voucher MVZ:Bird:193975 SCAF_187, whole genome shotgun sequence"	Live	2893758	Callipepla californica brunnescens
SCAF_188	JALIRH010000188.1	350892	0	"Callipepla californica brunnescens voucher MVZ:Bird:193975 SCAF_188, whole genome shotgun sequence"	Live	2893758	Callipepla californica brunnescens
SCAF_189	JALIRH010000189.1	328659	0	"Callipepla californica brunnescens voucher MVZ:Bird:193975 SCAF_189, whole genome shotgun sequence"	Live	2893758	Callipepla californica brunnescens
SCAF_190	JALIRH010000190.1	318545	0	"Callipepla californica brunnescens voucher MVZ:Bird:193975 SCAF_190, whole genome shotgun sequence"	Live	2893758	Callipepla californica brunnescens
SCAF_191	JALIRH010000191.1	306057	0	"Callipepla californica brunnescens voucher MVZ:Bird:193975 SCAF_191, whole genome shotgun sequence"	Live	2893758	Callipepla californica brunnescens
SCAF_192	JALIRH010000192.1	305092	0	"Callipepla californica brunnescens voucher MVZ:Bird:193975 SCAF_192, whole genome shotgun sequence"	Live	2893758	Callipepla californica brunnescens
SCAF_193	JALIRH010000193.1	303318	0	"Callipepla californica brunnescens voucher MVZ:Bird:193975 SCAF_193, whole genome shotgun sequence"	Live	2893758	Callipepla californica brunnescens
SCAF_194	JALIRH010000194.1	301449	0	"Callipepla californica brunnescens voucher MVZ:Bird:193975 SCAF_194, whole genome shotgun sequence"	Live	2893758	Callipepla californica brunnescens
SCAF_195	JALIRH010000195.1	296038	0	"Callipepla californica brunnescens voucher MVZ:Bird:193975 SCAF_195, whole genome shotgun sequence"	Live	2893758	Callipepla californica brunnescens
SCAF_196	JALIRH010000196.1	288912	0	"Callipepla californica brunnescens voucher MVZ:Bird:193975 SCAF_196, whole genome shotgun sequence"	Live	2893758	Callipepla californica brunnescens
SCAF_197	JALIRH010000197.1	275723	0	"Callipepla californica brunnescens voucher MVZ:Bird:193975 SCAF_197, whole genome shotgun sequence"	Live	2893758	Callipepla californica brunnescens
SCAF_198	JALIRH010000198.1	271427	0	"Callipepla californica brunnescens voucher MVZ:Bird:193975 SCAF_198, whole genome shotgun sequence"	Live	2893758	Callipepla californica brunnescens
SCAF_199	JALIRH010000199.1	270339	0	"Callipepla californica brunnescens voucher MVZ:Bird:193975 SCAF_199, whole genome shotgun sequence"	Live	2893758	Callipepla californica brunnescens
SCAF_200	JALIRH010000200.1	265710	0	"Callipepla californica brunnescens voucher MVZ:Bird:193975 SCAF_200, whole genome shotgun sequence"	Live	2893758	Callipepla californica brunnescens
SCAF_201	JALIRH010000201.1	255368	0	"Callipepla californica brunnescens voucher MVZ:Bird:193975 SCAF_201, whole genome shotgun sequence"	Live	2893758	Callipepla californica brunnescens
SCAF_202	JALIRH010000202.1	244913	0	"Callipepla californica brunnescens voucher MVZ:Bird:193975 SCAF_202, whole genome shotgun sequence"	Live	2893758	Callipepla californica brunnescens
SCAF_203	JALIRH010000203.1	243795	0	"Callipepla californica brunnescens voucher MVZ:Bird:193975 SCAF_203, whole genome shotgun sequence"	Live	2893758	Callipepla californica brunnescens
SCAF_204	JALIRH010000204.1	220901	0	"Callipepla californica brunnescens voucher MVZ:Bird:193975 SCAF_204, whole genome shotgun sequence"	Live	2893758	Callipepla californica brunnescens
SCAF_205	JALIRH010000205.1	215411	0	"Callipepla californica brunnescens voucher MVZ:Bird:193975 SCAF_205, whole genome shotgun sequence"	Live	2893758	Callipepla californica brunnescens
SCAF_206	JALIRH010000206.1	212736	0	"Callipepla californica brunnescens voucher MVZ:Bird:193975 SCAF_206, whole genome shotgun sequence"	Live	2893758	Callipepla californica brunnescens
SCAF_207	JALIRH010000207.1	211267	0	"Callipepla californica brunnescens voucher MVZ:Bird:193975 SCAF_207, whole genome shotgun sequence"	Live	2893758	Callipepla californica brunnescens
SCAF_208	JALIRH010000208.1	208065	0	"Callipepla californica brunnescens voucher MVZ:Bird:193975 SCAF_208, whole genome shotgun sequence"	Live	2893758	Callipepla californica brunnescens
SCAF_209	JALIRH010000209.1	205710	0	"Callipepla californica brunnescens voucher MVZ:Bird:193975 SCAF_209, whole genome shotgun sequence"	Live	2893758	Callipepla californica brunnescens
SCAF_210	JALIRH010000210.1	204806	0	"Callipepla californica brunnescens voucher MVZ:Bird:193975 SCAF_210, whole genome shotgun sequence"	Live	2893758	Callipepla californica brunnescens
SCAF_211	JALIRH010000211.1	201200	0	"Callipepla californica brunnescens voucher MVZ:Bird:193975 SCAF_211, whole genome shotgun sequence"	Live	2893758	Callipepla californica brunnescens
SCAF_212	JALIRH010000212.1	187500	0	"Callipepla californica brunnescens voucher MVZ:Bird:193975 SCAF_212, whole genome shotgun sequence"	Live	2893758	Callipepla californica brunnescens
SCAF_213	JALIRH010000213.1	185330	0	"Callipepla californica brunnescens voucher MVZ:Bird:193975 SCAF_213, whole genome shotgun sequence"	Live	2893758	Callipepla californica brunnescens
SCAF_214	JALIRH010000214.1	184710	0	"Callipepla californica brunnescens voucher MVZ:Bird:193975 SCAF_214, whole genome shotgun sequence"	Live	2893758	Callipepla californica brunnescens
SCAF_215	JALIRH010000215.1	180157	0	"Callipepla californica brunnescens voucher MVZ:Bird:193975 SCAF_215, whole genome shotgun sequence"	Live	2893758	Callipepla californica brunnescens
SCAF_216	JALIRH010000216.1	176852	0	"Callipepla californica brunnescens voucher MVZ:Bird:193975 SCAF_216, whole genome shotgun sequence"	Live	2893758	Callipepla californica brunnescens
SCAF_217	JALIRH010000217.1	172946	0	"Callipepla californica brunnescens voucher MVZ:Bird:193975 SCAF_217, whole genome shotgun sequence"	Live	2893758	Callipepla californica brunnescens
SCAF_218	JALIRH010000218.1	160122	0	"Callipepla californica brunnescens voucher MVZ:Bird:193975 SCAF_218, whole genome shotgun sequence"	Live	2893758	Callipepla californica brunnescens
SCAF_219	JALIRH010000219.1	154728	0	"Callipepla californica brunnescens voucher MVZ:Bird:193975 SCAF_219, whole genome shotgun sequence"	Live	2893758	Callipepla californica brunnescens
SCAF_220	JALIRH010000220.1	148877	0	"Callipepla californica brunnescens voucher MVZ:Bird:193975 SCAF_220, whole genome shotgun sequence"	Live	2893758	Callipepla californica brunnescens
SCAF_221	JALIRH010000221.1	122947	0	"Callipepla californica brunnescens voucher MVZ:Bird:193975 SCAF_221, whole genome shotgun sequence"	Live	2893758	Callipepla californica brunnescens
SCAF_222	JALIRH010000222.1	115215	0	"Callipepla californica brunnescens voucher MVZ:Bird:193975 SCAF_222, whole genome shotgun sequence"	Live	2893758	Callipepla californica brunnescens
SCAF_223	JALIRH010000223.1	113712	0	"Callipepla californica brunnescens voucher MVZ:Bird:193975 SCAF_223, whole genome shotgun sequence"	Live	2893758	Callipepla californica brunnescens
SCAF_224	JALIRH010000224.1	112776	0	"Callipepla californica brunnescens voucher MVZ:Bird:193975 SCAF_224, whole genome shotgun sequence"	Live	2893758	Callipepla californica brunnescens
SCAF_225	JALIRH010000225.1	111984	0	"Callipepla californica brunnescens voucher MVZ:Bird:193975 SCAF_225, whole genome shotgun sequence"	Live	2893758	Callipepla californica brunnescens
SCAF_226	JALIRH010000226.1	109088	0	"Callipepla californica brunnescens voucher MVZ:Bird:193975 SCAF_226, whole genome shotgun sequence"	Live	2893758	Callipepla californica brunnescens
SCAF_227	JALIRH010000227.1	106471	0	"Callipepla californica brunnescens voucher MVZ:Bird:193975 SCAF_227, whole genome shotgun sequence"	Live	2893758	Callipepla californica brunnescens
SCAF_228	JALIRH010000228.1	105862	0	"Callipepla californica brunnescens voucher MVZ:Bird:193975 SCAF_228, whole genome shotgun sequence"	Live	2893758	Callipepla californica brunnescens
SCAF_229	JALIRH010000229.1	105542	0	"Callipepla californica brunnescens voucher MVZ:Bird:193975 SCAF_229, whole genome shotgun sequence"	Live	2893758	Callipepla californica brunnescens
SCAF_230	JALIRH010000230.1	101170	0	"Callipepla californica brunnescens voucher MVZ:Bird:193975 SCAF_230, whole genome shotgun sequence"	Live	2893758	Callipepla californica brunnescens
SCAF_231	JALIRH010000231.1	100538	0	"Callipepla californica brunnescens voucher MVZ:Bird:193975 SCAF_231, whole genome shotgun sequence"	Live	2893758	Callipepla californica brunnescens
SCAF_232	JALIRH010000232.1	100484	0	"Callipepla californica brunnescens voucher MVZ:Bird:193975 SCAF_232, whole genome shotgun sequence"	Live	2893758	Callipepla californica brunnescens
SCAF_233	JALIRH010000233.1	100414	0	"Callipepla californica brunnescens voucher MVZ:Bird:193975 SCAF_233, whole genome shotgun sequence"	Live	2893758	Callipepla californica brunnescens
SCAF_234	JALIRH010000234.1	99990	0	"Callipepla californica brunnescens voucher MVZ:Bird:193975 SCAF_234, whole genome shotgun sequence"	Live	2893758	Callipepla californica brunnescens
SCAF_235	JALIRH010000235.1	98440	0	"Callipepla californica brunnescens voucher MVZ:Bird:193975 SCAF_235, whole genome shotgun sequence"	Live	2893758	Callipepla californica brunnescens
SCAF_236	JALIRH010000236.1	97859	0	"Callipepla californica brunnescens voucher MVZ:Bird:193975 SCAF_236, whole genome shotgun sequence"	Live	2893758	Callipepla californica brunnescens
SCAF_237	JALIRH010000237.1	95666	0	"Callipepla californica brunnescens voucher MVZ:Bird:193975 SCAF_237, whole genome shotgun sequence"	Live	2893758	Callipepla californica brunnescens
SCAF_238	JALIRH010000238.1	87541	0	"Callipepla californica brunnescens voucher MVZ:Bird:193975 SCAF_238, whole genome shotgun sequence"	Live	2893758	Callipepla californica brunnescens
SCAF_239	JALIRH010000239.1	87257	0	"Callipepla californica brunnescens voucher MVZ:Bird:193975 SCAF_239, whole genome shotgun sequence"	Live	2893758	Callipepla californica brunnescens
SCAF_240	JALIRH010000240.1	86655	0	"Callipepla californica brunnescens voucher MVZ:Bird:193975 SCAF_240, whole genome shotgun sequence"	Live	2893758	Callipepla californica brunnescens
SCAF_241	JALIRH010000241.1	81658	0	"Callipepla californica brunnescens voucher MVZ:Bird:193975 SCAF_241, whole genome shotgun sequence"	Live	2893758	Callipepla californica brunnescens
SCAF_242	JALIRH010000242.1	81277	0	"Callipepla californica brunnescens voucher MVZ:Bird:193975 SCAF_242, whole genome shotgun sequence"	Live	2893758	Callipepla californica brunnescens
SCAF_243	JALIRH010000243.1	77643	0	"Callipepla californica brunnescens voucher MVZ:Bird:193975 SCAF_243, whole genome shotgun sequence"	Live	2893758	Callipepla californica brunnescens
SCAF_244	JALIRH010000244.1	74450	0	"Callipepla californica brunnescens voucher MVZ:Bird:193975 SCAF_244, whole genome shotgun sequence"	Live	2893758	Callipepla californica brunnescens
SCAF_245	JALIRH010000245.1	72665	0	"Callipepla californica brunnescens voucher MVZ:Bird:193975 SCAF_245, whole genome shotgun sequence"	Live	2893758	Callipepla californica brunnescens
SCAF_246	JALIRH010000246.1	71283	0	"Callipepla californica brunnescens voucher MVZ:Bird:193975 SCAF_246, whole genome shotgun sequence"	Live	2893758	Callipepla californica brunnescens
SCAF_247	JALIRH010000247.1	70420	0	"Callipepla californica brunnescens voucher MVZ:Bird:193975 SCAF_247, whole genome shotgun sequence"	Live	2893758	Callipepla californica brunnescens
SCAF_248	JALIRH010000248.1	68614	0	"Callipepla californica brunnescens voucher MVZ:Bird:193975 SCAF_248, whole genome shotgun sequence"	Live	2893758	Callipepla californica brunnescens
SCAF_249	JALIRH010000249.1	62015	0	"Callipepla californica brunnescens voucher MVZ:Bird:193975 SCAF_249, whole genome shotgun sequence"	Live	2893758	Callipepla californica brunnescens
SCAF_250	JALIRH010000250.1	61028	0	"Callipepla californica brunnescens voucher MVZ:Bird:193975 SCAF_250, whole genome shotgun sequence"	Live	2893758	Callipepla californica brunnescens
SCAF_251	JALIRH010000251.1	60382	0	"Callipepla californica brunnescens voucher MVZ:Bird:193975 SCAF_251, whole genome shotgun sequence"	Live	2893758	Callipepla californica brunnescens
SCAF_252	JALIRH010000252.1	59819	0	"Callipepla californica brunnescens voucher MVZ:Bird:193975 SCAF_252, whole genome shotgun sequence"	Live	2893758	Callipepla californica brunnescens
SCAF_253	JALIRH010000253.1	59240	0	"Callipepla californica brunnescens voucher MVZ:Bird:193975 SCAF_253, whole genome shotgun sequence"	Live	2893758	Callipepla californica brunnescens
SCAF_254	JALIRH010000254.1	54325	0	"Callipepla californica brunnescens voucher MVZ:Bird:193975 SCAF_254, whole genome shotgun sequence"	Live	2893758	Callipepla californica brunnescens
SCAF_255	JALIRH010000255.1	53008	0	"Callipepla californica brunnescens voucher MVZ:Bird:193975 SCAF_255, whole genome shotgun sequence"	Live	2893758	Callipepla californica brunnescens
SCAF_256	JALIRH010000256.1	52811	0	"Callipepla californica brunnescens voucher MVZ:Bird:193975 SCAF_256, whole genome shotgun sequence"	Live	2893758	Callipepla californica brunnescens
SCAF_257	JALIRH010000257.1	50680	0	"Callipepla californica brunnescens voucher MVZ:Bird:193975 SCAF_257, whole genome shotgun sequence"	Live	2893758	Callipepla californica brunnescens
SCAF_258	JALIRH010000258.1	50358	0	"Callipepla californica brunnescens voucher MVZ:Bird:193975 SCAF_258, whole genome shotgun sequence"	Live	2893758	Callipepla californica brunnescens
SCAF_259	JALIRH010000259.1	49663	0	"Callipepla californica brunnescens voucher MVZ:Bird:193975 SCAF_259, whole genome shotgun sequence"	Live	2893758	Callipepla californica brunnescens
SCAF_260	JALIRH010000260.1	48793	0	"Callipepla californica brunnescens voucher MVZ:Bird:193975 SCAF_260, whole genome shotgun sequence"	Live	2893758	Callipepla californica brunnescens
SCAF_261	JALIRH010000261.1	47362	0	"Callipepla californica brunnescens voucher MVZ:Bird:193975 SCAF_261, whole genome shotgun sequence"	Live	2893758	Callipepla californica brunnescens
SCAF_262	JALIRH010000262.1	46555	0	"Callipepla californica brunnescens voucher MVZ:Bird:193975 SCAF_262, whole genome shotgun sequence"	Live	2893758	Callipepla californica brunnescens
SCAF_263	JALIRH010000263.1	46125	0	"Callipepla californica brunnescens voucher MVZ:Bird:193975 SCAF_263, whole genome shotgun sequence"	Live	2893758	Callipepla californica brunnescens
SCAF_264	JALIRH010000264.1	45581	0	"Callipepla californica brunnescens voucher MVZ:Bird:193975 SCAF_264, whole genome shotgun sequence"	Live	2893758	Callipepla californica brunnescens
SCAF_265	JALIRH010000265.1	43635	0	"Callipepla californica brunnescens voucher MVZ:Bird:193975 SCAF_265, whole genome shotgun sequence"	Live	2893758	Callipepla californica brunnescens
SCAF_266	JALIRH010000266.1	40444	0	"Callipepla californica brunnescens voucher MVZ:Bird:193975 SCAF_266, whole genome shotgun sequence"	Live	2893758	Callipepla californica brunnescens
SCAF_267	JALIRH010000267.1	40361	0	"Callipepla californica brunnescens voucher MVZ:Bird:193975 SCAF_267, whole genome shotgun sequence"	Live	2893758	Callipepla californica brunnescens
SCAF_268	JALIRH010000268.1	40079	0	"Callipepla californica brunnescens voucher MVZ:Bird:193975 SCAF_268, whole genome shotgun sequence"	Live	2893758	Callipepla californica brunnescens
SCAF_269	JALIRH010000269.1	39410	0	"Callipepla californica brunnescens voucher MVZ:Bird:193975 SCAF_269, whole genome shotgun sequence"	Live	2893758	Callipepla californica brunnescens
SCAF_270	JALIRH010000270.1	39075	0	"Callipepla californica brunnescens voucher MVZ:Bird:193975 SCAF_270, whole genome shotgun sequence"	Live	2893758	Callipepla californica brunnescens
SCAF_271	JALIRH010000271.1	38798	0	"Callipepla californica brunnescens voucher MVZ:Bird:193975 SCAF_271, whole genome shotgun sequence"	Live	2893758	Callipepla californica brunnescens
SCAF_272	JALIRH010000272.1	38105	0	"Callipepla californica brunnescens voucher MVZ:Bird:193975 SCAF_272, whole genome shotgun sequence"	Live	2893758	Callipepla californica brunnescens
SCAF_273	JALIRH010000273.1	38000	0	"Callipepla californica brunnescens voucher MVZ:Bird:193975 SCAF_273, whole genome shotgun sequence"	Live	2893758	Callipepla californica brunnescens
SCAF_274	JALIRH010000274.1	36661	0	"Callipepla californica brunnescens voucher MVZ:Bird:193975 SCAF_274, whole genome shotgun sequence"	Live	2893758	Callipepla californica brunnescens
SCAF_275	JALIRH010000275.1	34269	0	"Callipepla californica brunnescens voucher MVZ:Bird:193975 SCAF_275, whole genome shotgun sequence"	Live	2893758	Callipepla californica brunnescens
SCAF_276	JALIRH010000276.1	34224	0	"Callipepla californica brunnescens voucher MVZ:Bird:193975 SCAF_276, whole genome shotgun sequence"	Live	2893758	Callipepla californica brunnescens
SCAF_277	JALIRH010000277.1	33858	0	"Callipepla californica brunnescens voucher MVZ:Bird:193975 SCAF_277, whole genome shotgun sequence"	Live	2893758	Callipepla californica brunnescens
SCAF_278	JALIRH010000278.1	33754	0	"Callipepla californica brunnescens voucher MVZ:Bird:193975 SCAF_278, whole genome shotgun sequence"	Live	2893758	Callipepla californica brunnescens
SCAF_279	JALIRH010000279.1	33495	0	"Callipepla californica brunnescens voucher MVZ:Bird:193975 SCAF_279, whole genome shotgun sequence"	Live	2893758	Callipepla californica brunnescens
SCAF_280	JALIRH010000280.1	33328	0	"Callipepla californica brunnescens voucher MVZ:Bird:193975 SCAF_280, whole genome shotgun sequence"	Live	2893758	Callipepla californica brunnescens
SCAF_281	JALIRH010000281.1	33051	0	"Callipepla californica brunnescens voucher MVZ:Bird:193975 SCAF_281, whole genome shotgun sequence"	Live	2893758	Callipepla californica brunnescens
SCAF_282	JALIRH010000282.1	32450	0	"Callipepla californica brunnescens voucher MVZ:Bird:193975 SCAF_282, whole genome shotgun sequence"	Live	2893758	Callipepla californica brunnescens
SCAF_283	JALIRH010000283.1	32156	0	"Callipepla californica brunnescens voucher MVZ:Bird:193975 SCAF_283, whole genome shotgun sequence"	Live	2893758	Callipepla californica brunnescens
SCAF_284	JALIRH010000284.1	32023	0	"Callipepla californica brunnescens voucher MVZ:Bird:193975 SCAF_284, whole genome shotgun sequence"	Live	2893758	Callipepla californica brunnescens
SCAF_285	JALIRH010000285.1	31590	0	"Callipepla californica brunnescens voucher MVZ:Bird:193975 SCAF_285, whole genome shotgun sequence"	Live	2893758	Callipepla californica brunnescens
SCAF_286	JALIRH010000286.1	31291	0	"Callipepla californica brunnescens voucher MVZ:Bird:193975 SCAF_286, whole genome shotgun sequence"	Live	2893758	Callipepla californica brunnescens
SCAF_287	JALIRH010000287.1	28889	0	"Callipepla californica brunnescens voucher MVZ:Bird:193975 SCAF_287, whole genome shotgun sequence"	Live	2893758	Callipepla californica brunnescens
SCAF_288	JALIRH010000288.1	28526	0	"Callipepla californica brunnescens voucher MVZ:Bird:193975 SCAF_288, whole genome shotgun sequence"	Live	2893758	Callipepla californica brunnescens
SCAF_289	JALIRH010000289.1	28370	0	"Callipepla californica brunnescens voucher MVZ:Bird:193975 SCAF_289, whole genome shotgun sequence"	Live	2893758	Callipepla californica brunnescens
SCAF_290	JALIRH010000290.1	28312	0	"Callipepla californica brunnescens voucher MVZ:Bird:193975 SCAF_290, whole genome shotgun sequence"	Live	2893758	Callipepla californica brunnescens
SCAF_291	JALIRH010000291.1	28062	0	"Callipepla californica brunnescens voucher MVZ:Bird:193975 SCAF_291, whole genome shotgun sequence"	Live	2893758	Callipepla californica brunnescens
SCAF_292	JALIRH010000292.1	26816	0	"Callipepla californica brunnescens voucher MVZ:Bird:193975 SCAF_292, whole genome shotgun sequence"	Live	2893758	Callipepla californica brunnescens
SCAF_293	JALIRH010000293.1	26542	0	"Callipepla californica brunnescens voucher MVZ:Bird:193975 SCAF_293, whole genome shotgun sequence"	Live	2893758	Callipepla californica brunnescens
SCAF_294	JALIRH010000294.1	26487	0	"Callipepla californica brunnescens voucher MVZ:Bird:193975 SCAF_294, whole genome shotgun sequence"	Live	2893758	Callipepla californica brunnescens
SCAF_295	JALIRH010000295.1	26432	0	"Callipepla californica brunnescens voucher MVZ:Bird:193975 SCAF_295, whole genome shotgun sequence"	Live	2893758	Callipepla californica brunnescens
SCAF_296	JALIRH010000296.1	26351	0	"Callipepla californica brunnescens voucher MVZ:Bird:193975 SCAF_296, whole genome shotgun sequence"	Live	2893758	Callipepla californica brunnescens
SCAF_297	JALIRH010000297.1	26316	0	"Callipepla californica brunnescens voucher MVZ:Bird:193975 SCAF_297, whole genome shotgun sequence"	Live	2893758	Callipepla californica brunnescens
SCAF_298	JALIRH010000298.1	26177	0	"Callipepla californica brunnescens voucher MVZ:Bird:193975 SCAF_298, whole genome shotgun sequence"	Live	2893758	Callipepla californica brunnescens
SCAF_299	JALIRH010000299.1	26024	0	"Callipepla californica brunnescens voucher MVZ:Bird:193975 SCAF_299, whole genome shotgun sequence"	Live	2893758	Callipepla californica brunnescens
SCAF_300	JALIRH010000300.1	25782	0	"Callipepla californica brunnescens voucher MVZ:Bird:193975 SCAF_300, whole genome shotgun sequence"	Live	2893758	Callipepla californica brunnescens
SCAF_301	JALIRH010000301.1	25142	0	"Callipepla californica brunnescens voucher MVZ:Bird:193975 SCAF_301, whole genome shotgun sequence"	Live	2893758	Callipepla californica brunnescens
SCAF_302	JALIRH010000302.1	25014	0	"Callipepla californica brunnescens voucher MVZ:Bird:193975 SCAF_302, whole genome shotgun sequence"	Live	2893758	Callipepla californica brunnescens
SCAF_303	JALIRH010000303.1	24715	0	"Callipepla californica brunnescens voucher MVZ:Bird:193975 SCAF_303, whole genome shotgun sequence"	Live	2893758	Callipepla californica brunnescens
SCAF_304	JALIRH010000304.1	24687	0	"Callipepla californica brunnescens voucher MVZ:Bird:193975 SCAF_304, whole genome shotgun sequence"	Live	2893758	Callipepla californica brunnescens
SCAF_305	JALIRH010000305.1	24459	0	"Callipepla californica brunnescens voucher MVZ:Bird:193975 SCAF_305, whole genome shotgun sequence"	Live	2893758	Callipepla californica brunnescens
SCAF_306	JALIRH010000306.1	24231	0	"Callipepla californica brunnescens voucher MVZ:Bird:193975 SCAF_306, whole genome shotgun sequence"	Live	2893758	Callipepla californica brunnescens
SCAF_307	JALIRH010000307.1	24044	0	"Callipepla californica brunnescens voucher MVZ:Bird:193975 SCAF_307, whole genome shotgun sequence"	Live	2893758	Callipepla californica brunnescens
SCAF_308	JALIRH010000308.1	23655	0	"Callipepla californica brunnescens voucher MVZ:Bird:193975 SCAF_308, whole genome shotgun sequence"	Live	2893758	Callipepla californica brunnescens
SCAF_309	JALIRH010000309.1	23559	0	"Callipepla californica brunnescens voucher MVZ:Bird:193975 SCAF_309, whole genome shotgun sequence"	Live	2893758	Callipepla californica brunnescens
SCAF_310	JALIRH010000310.1	23301	0	"Callipepla californica brunnescens voucher MVZ:Bird:193975 SCAF_310, whole genome shotgun sequence"	Live	2893758	Callipepla californica brunnescens
SCAF_311	JALIRH010000311.1	23285	0	"Callipepla californica brunnescens voucher MVZ:Bird:193975 SCAF_311, whole genome shotgun sequence"	Live	2893758	Callipepla californica brunnescens
SCAF_312	JALIRH010000312.1	22998	0	"Callipepla californica brunnescens voucher MVZ:Bird:193975 SCAF_312, whole genome shotgun sequence"	Live	2893758	Callipepla californica brunnescens
SCAF_313	JALIRH010000313.1	22872	0	"Callipepla californica brunnescens voucher MVZ:Bird:193975 SCAF_313, whole genome shotgun sequence"	Live	2893758	Callipepla californica brunnescens
SCAF_314	JALIRH010000314.1	22637	0	"Callipepla californica brunnescens voucher MVZ:Bird:193975 SCAF_314, whole genome shotgun sequence"	Live	2893758	Callipepla californica brunnescens
SCAF_315	JALIRH010000315.1	21974	0	"Callipepla californica brunnescens voucher MVZ:Bird:193975 SCAF_315, whole genome shotgun sequence"	Live	2893758	Callipepla californica brunnescens
SCAF_316	JALIRH010000316.1	21347	0	"Callipepla californica brunnescens voucher MVZ:Bird:193975 SCAF_316, whole genome shotgun sequence"	Live	2893758	Callipepla californica brunnescens
SCAF_317	JALIRH010000317.1	21307	0	"Callipepla californica brunnescens voucher MVZ:Bird:193975 SCAF_317, whole genome shotgun sequence"	Live	2893758	Callipepla californica brunnescens
SCAF_318	JALIRH010000318.1	20735	0	"Callipepla californica brunnescens voucher MVZ:Bird:193975 SCAF_318, whole genome shotgun sequence"	Live	2893758	Callipepla californica brunnescens
SCAF_319	JALIRH010000319.1	19853	0	"Callipepla californica brunnescens voucher MVZ:Bird:193975 SCAF_319, whole genome shotgun sequence"	Live	2893758	Callipepla californica brunnescens
SCAF_320	JALIRH010000320.1	16962	0	"Callipepla californica brunnescens voucher MVZ:Bird:193975 SCAF_320, whole genome shotgun sequence"	Live	2893758	Callipepla californica brunnescens
mtDNA	JALIRH010000321.1	16706	0	"Callipepla californica brunnescens voucher MVZ:Bird:193975 mtDNA mitochondrial, whole genome shotgun sequence"	Live	2893758	Callipepla californica brunnescens